,precision,recall,f1-score,support
0.0,0.42857142857142855,0.8076923076923077,0.5599999999999999,182.0
1.0,0.8638132295719845,0.5311004784688995,0.6577777777777778,418.0
accuracy,0.615,0.615,0.615,0.615
macro avg,0.6461923290717065,0.6693963930806036,0.6088888888888888,600.0
weighted avg,0.7317898832684825,0.615,0.6281185185185184,600.0
